INSERT INTO PAIS(ISO3, NOMBRE) VALUES ('GER', 'Alemania');
INSERT INTO PAIS(ISO3, NOMBRE) VALUES ('AGO', 'Angola');
INSERT INTO PAIS(ISO3, NOMBRE) VALUES ('ARG', 'Argentina');
INSERT INTO PAIS(ISO3, NOMBRE) VALUES ('BEL', 'Bélgica');
INSERT INTO PAIS(ISO3, NOMBRE) VALUES ('BRA', 'Brasil');
INSERT INTO PAIS(ISO3, NOMBRE) VALUES ('HRV', 'Croacia');
INSERT INTO PAIS(ISO3, NOMBRE) VALUES ('ESP', 'España');
INSERT INTO PAIS(ISO3, NOMBRE) VALUES ('FRA', 'Francia');
INSERT INTO PAIS(ISO3, NOMBRE) VALUES ('ENG', 'Inglaterra');
INSERT INTO PAIS(ISO3, NOMBRE) VALUES ('ITA', 'Italia');
INSERT INTO PAIS(ISO3, NOMBRE) VALUES ('NOR', 'Noruega');
INSERT INTO PAIS(ISO3, NOMBRE) VALUES ('POL', 'Polonia');
INSERT INTO PAIS(ISO3, NOMBRE) VALUES ('POR', 'Portugal');
INSERT INTO PAIS(ISO3, NOMBRE) VALUES ('GBR', 'Reino Unido');
INSERT INTO PAIS(ISO3, NOMBRE) VALUES ('COD', 'República Democrática del Congo');


INSERT INTO ENTRENADOR(ID, NOMBRE, PAIS_ISO3) VALUES (1,'Carlo Ancelotti','ITA');
INSERT INTO ENTRENADOR(ID, NOMBRE, PAIS_ISO3) VALUES (2,'Xavi Hernandez','ESP');
INSERT INTO ENTRENADOR(ID, NOMBRE, PAIS_ISO3) VALUES (3,'Javier Calleja Revilla','ESP');
INSERT INTO ENTRENADOR(ID, NOMBRE, PAIS_ISO3) VALUES (4,'Thomas Tuchel','GER');
INSERT INTO ENTRENADOR(ID, NOMBRE, PAIS_ISO3) VALUES (5,'Jürgen Klopp','GER');
INSERT INTO ENTRENADOR(ID, NOMBRE, PAIS_ISO3) VALUES (6,'Rubén Baraja','ESP');
INSERT INTO ENTRENADOR(ID, NOMBRE, PAIS_ISO3) VALUES (7,'Pep Guardiola','ESP');
INSERT INTO ENTRENADOR(ID, NOMBRE, PAIS_ISO3) VALUES (8,'Massimiliano Allegri','ITA');
INSERT INTO ENTRENADOR(ID, NOMBRE, PAIS_ISO3) VALUES (9,'Mauricio Pochettino','ARG');
INSERT INTO ENTRENADOR(ID, NOMBRE, PAIS_ISO3) VALUES (10,'''Cholo'' Simeone','ARG');
INSERT INTO ENTRENADOR(ID, NOMBRE, PAIS_ISO3) VALUES (11,'Ernesto Valverde','ESP');

INSERT INTO EQUIPO(ID, NOMBRE, PAIS_ISO3, ENTRENADOR_ID) VALUES (1, 'Real Madrid C.F.','ESP', 1);
INSERT INTO EQUIPO(ID, NOMBRE, PAIS_ISO3, ENTRENADOR_ID) VALUES (2, 'F.C. Barcelona','ESP', 2);
INSERT INTO EQUIPO(ID, NOMBRE, PAIS_ISO3, ENTRENADOR_ID) VALUES (3, 'Levante U.D.','ESP', 3);
INSERT INTO EQUIPO(ID, NOMBRE, PAIS_ISO3, ENTRENADOR_ID) VALUES (4, 'Bayern Munich','GER', 4);
INSERT INTO EQUIPO(ID, NOMBRE, PAIS_ISO3, ENTRENADOR_ID) VALUES (5, 'Liverpool F.C.','GER', 5);
INSERT INTO EQUIPO(ID, NOMBRE, PAIS_ISO3, ENTRENADOR_ID) VALUES (6, 'Valencia C.F.','ESP', 6);
INSERT INTO EQUIPO(ID, NOMBRE, PAIS_ISO3, ENTRENADOR_ID) VALUES (7, 'Manchester City','ENG', 7);
INSERT INTO EQUIPO(ID, NOMBRE, PAIS_ISO3, ENTRENADOR_ID) VALUES (8, 'Juventus','ITA', 8);
INSERT INTO EQUIPO(ID, NOMBRE, PAIS_ISO3, ENTRENADOR_ID) VALUES (9, 'Chelsea F.C','ENG', 9);
INSERT INTO EQUIPO(ID, NOMBRE, PAIS_ISO3, ENTRENADOR_ID) VALUES (10, 'Atlético de Madrid','ESP', 10);
INSERT INTO EQUIPO(ID, NOMBRE, PAIS_ISO3, ENTRENADOR_ID) VALUES (11, 'Athletic Club de Bilbao','ESP', 11);

INSERT INTO JUGADOR(ID, NOMBRE, NACIMIENTO, DEMARCACION, EQUIPO_ID, DORSAL, ALTURA) VALUES (1,'Luka Modric','1985-09-09', 2, 1, 10, 1.72);
INSERT INTO JUGADOR(ID, NOMBRE, NACIMIENTO, DEMARCACION, EQUIPO_ID, DORSAL, ALTURA) VALUES (2,'Jude Bellingham','2003-06-29', 2, 1, 5, 1.86);
INSERT INTO JUGADOR(ID, NOMBRE, NACIMIENTO, DEMARCACION, EQUIPO_ID, DORSAL, ALTURA) VALUES (3,'Pedri','2002-11-25', 2, 2, 8, 1.74);
INSERT INTO JUGADOR(ID, NOMBRE, NACIMIENTO, DEMARCACION, EQUIPO_ID, DORSAL, ALTURA) VALUES (4,'Robert Lewandowski','1998-08-21', 3, 2, 9, 1.85);
INSERT INTO JUGADOR(ID, NOMBRE, NACIMIENTO, DEMARCACION, EQUIPO_ID, DORSAL, ALTURA) VALUES (5,'Rodrygo','2001-01-09', 3, 1, 11, 1.74);
INSERT INTO JUGADOR(ID, NOMBRE, NACIMIENTO, DEMARCACION, EQUIPO_ID, DORSAL, ALTURA) VALUES (6,'Antoine Griezmann','1991-03-21', 3, 10, 7, 1.76);
INSERT INTO JUGADOR(ID, NOMBRE, NACIMIENTO, DEMARCACION, EQUIPO_ID, DORSAL, ALTURA) VALUES (7,'Eduardo Camavinga','2001-11-10', 2, 1, 12, 1.82);
INSERT INTO JUGADOR(ID, NOMBRE, NACIMIENTO, DEMARCACION, EQUIPO_ID, DORSAL, ALTURA) VALUES (8,'Erling Haalland','2000-07-21', 3, 7, 9, 1.94);
INSERT INTO JUGADOR(ID, NOMBRE, NACIMIENTO, DEMARCACION, EQUIPO_ID, DORSAL, ALTURA) VALUES (9,'Thibaut Courtois','1992-05-11', 0, 1, 1, 2.00);
INSERT INTO JUGADOR(ID, NOMBRE, NACIMIENTO, DEMARCACION, EQUIPO_ID, DORSAL, ALTURA) VALUES (10,'Toni Kroos','1990-01-04', 2, 1, 8, 1.83);
INSERT INTO JUGADOR(ID, NOMBRE, NACIMIENTO, DEMARCACION, EQUIPO_ID, DORSAL, ALTURA) VALUES (11,'Vinícius Júnior','2000-07-12', 3, 1, 7, 1.76);
INSERT INTO JUGADOR(ID, NOMBRE, NACIMIENTO, DEMARCACION, EQUIPO_ID, DORSAL, ALTURA) VALUES (12,'Dani Carvajal','1992-01-11', 1, 1, 2, 1.73);
INSERT INTO JUGADOR(ID, NOMBRE, NACIMIENTO, DEMARCACION, EQUIPO_ID, DORSAL, ALTURA) VALUES (13,'Nacho Fernandez','1990-01-18', 1, 1, 6, 1.80);
INSERT INTO JUGADOR(ID, NOMBRE, NACIMIENTO, DEMARCACION, EQUIPO_ID, DORSAL, ALTURA) VALUES (14,'Ederson Moraes','1993-08-17', 0, 7, 22, 1.88);
INSERT INTO JUGADOR(ID, NOMBRE, NACIMIENTO, DEMARCACION, EQUIPO_ID, DORSAL, ALTURA) VALUES (15,'Joško Gvardiol','2002-01-23', 1, 7, 24, 1.85);
INSERT INTO JUGADOR(ID, NOMBRE, NACIMIENTO, DEMARCACION, EQUIPO_ID, DORSAL, ALTURA) VALUES (16,'Kevin De Bruyne','1991-06-21', 2, 7, 7, 1.81);

INSERT INTO NACIONALIDADES(JUGADOR_ID, PAIS_ISO3) VALUES (1,'HRV');
INSERT INTO NACIONALIDADES(JUGADOR_ID, PAIS_ISO3) VALUES (2,'GBR');
INSERT INTO NACIONALIDADES(JUGADOR_ID, PAIS_ISO3) VALUES (3,'ESP');
INSERT INTO NACIONALIDADES(JUGADOR_ID, PAIS_ISO3) VALUES (4,'POL');
INSERT INTO NACIONALIDADES(JUGADOR_ID, PAIS_ISO3) VALUES (5,'BRA');
INSERT INTO NACIONALIDADES(JUGADOR_ID, PAIS_ISO3) VALUES (6,'FRA');
INSERT INTO NACIONALIDADES(JUGADOR_ID, PAIS_ISO3) VALUES (7,'FRA');
INSERT INTO NACIONALIDADES(JUGADOR_ID, PAIS_ISO3) VALUES (7,'AGO');
INSERT INTO NACIONALIDADES(JUGADOR_ID, PAIS_ISO3) VALUES (7,'COD');
INSERT INTO NACIONALIDADES(JUGADOR_ID, PAIS_ISO3) VALUES (8,'NOR');
INSERT INTO NACIONALIDADES(JUGADOR_ID, PAIS_ISO3) VALUES (9,'BEL');
INSERT INTO NACIONALIDADES(JUGADOR_ID, PAIS_ISO3) VALUES (10,'GER');
INSERT INTO NACIONALIDADES(JUGADOR_ID, PAIS_ISO3) VALUES (11,'BRA');
INSERT INTO NACIONALIDADES(JUGADOR_ID, PAIS_ISO3) VALUES (12,'ESP');
INSERT INTO NACIONALIDADES(JUGADOR_ID, PAIS_ISO3) VALUES (13,'ESP');
INSERT INTO NACIONALIDADES(JUGADOR_ID, PAIS_ISO3) VALUES (14,'BRA');
INSERT INTO NACIONALIDADES(JUGADOR_ID, PAIS_ISO3) VALUES (14,'POR');
INSERT INTO NACIONALIDADES(JUGADOR_ID, PAIS_ISO3) VALUES (15,'HRV');
INSERT INTO NACIONALIDADES(JUGADOR_ID, PAIS_ISO3) VALUES (16,'BEL');

INSERT INTO COMPETICION(CODIGO, DENOMINACION, ORGANIZADOR) VALUES ('PDE','Primera Division de España','LFP');
INSERT INTO COMPETICION(CODIGO, DENOMINACION, ORGANIZADOR) VALUES ('UCL','Liga de Campeones de la UEFA','UEFA');

INSERT INTO COMPETIR(COMPETICION, EQUIPO) VALUES ('PDE',1);
INSERT INTO COMPETIR(COMPETICION, EQUIPO) VALUES ('PDE',2);
INSERT INTO COMPETIR(COMPETICION, EQUIPO) VALUES ('PDE',6);
INSERT INTO COMPETIR(COMPETICION, EQUIPO) VALUES ('PDE',10);
INSERT INTO COMPETIR(COMPETICION, EQUIPO) VALUES ('PDE',11);
INSERT INTO COMPETIR(COMPETICION, EQUIPO) VALUES ('UCL',1);
INSERT INTO COMPETIR(COMPETICION, EQUIPO) VALUES ('UCL',2);
INSERT INTO COMPETIR(COMPETICION, EQUIPO) VALUES ('UCL',4);
INSERT INTO COMPETIR(COMPETICION, EQUIPO) VALUES ('UCL',7);
INSERT INTO COMPETIR(COMPETICION, EQUIPO) VALUES ('UCL',8);
INSERT INTO COMPETIR(COMPETICION, EQUIPO) VALUES ('UCL',9);
INSERT INTO COMPETIR(COMPETICION, EQUIPO) VALUES ('UCL',10);
